Term,TF-IDF Score,Channel,Article Count
tarif,0.05652808650786241,Akurat.co,10
trump,0.05370637135341201,Akurat.co,10
negara,0.038339493282440094,Akurat.co,10
dagang,0.03785263761800726,Akurat.co,10
kebijakan,0.034845473724063436,Akurat.co,10
pasar,0.032813077737895685,Akurat.co,10
perdagangan,0.032488815314836786,Akurat.co,10
barang,0.032180299467967376,Akurat.co,10
china,0.03205937783249271,Akurat.co,10
ekonomi,0.030760942127648253,Akurat.co,10
tersebut,0.029734147082224733,Akurat.co,10
menjadi,0.028003881530841088,Akurat.co,10
global,0.027594413862297763,Akurat.co,10
harga,0.026355860665754405,Akurat.co,10
mitra,0.026336451558743704,Akurat.co,10
negosiasi,0.02630804364283333,Akurat.co,10
negara negara,0.024923978376032562,Akurat.co,10
ancaman,0.02482740396086889,Akurat.co,10
menyatakan,0.0247021748666652,Akurat.co,10
tarif trump,0.024535535918116247,Akurat.co,10
tarif,0.03985451590284541,Antara,38
trump,0.03340395144028831,Antara,38
negara,0.02991580883166765,Antara,38
indonesia,0.028783292327850547,Antara,38
kebijakan,0.026699010685096537,Antara,38
china,0.0264995896833511,Antara,38
perdagangan,0.025350060550423742,Antara,38
persen,0.024450897669180554,Antara,38
presiden,0.023928508186335913,Antara,38
dagang,0.022368106840232473,Antara,38
tersebut,0.02225870235540114,Antara,38
mengambil,0.022028082817877357,Antara,38
tertulis,0.021895232195352346,Antara,38
amerika,0.021871456388220353,Antara,38
kantor,0.02175945283981746,Antara,38
keras,0.02152640187353513,Antara,38
otomatis,0.02099702556446465,Antara,38
izin tertulis,0.020723216872500616,Antara,38
situs web,0.020723216872500616,Antara,38
situs,0.020723216872500616,Antara,38
tarif,0.03714504156378104,BBC,15
negara,0.03435124978465644,BBC,15
china,0.034009918227970524,BBC,15
trump,0.03222732689533383,BBC,15
sumber,0.027099344103665636,BBC,15
pasar,0.026762026600134423,BBC,15
sumber gambar,0.026710185581414008,BBC,15
gambar,0.026710185581414008,BBC,15
ekonomi,0.026704448247251385,BBC,15
barang,0.02653453665820616,BBC,15
besar,0.02625411231881919,BBC,15
perdagangan,0.02617378763936172,BBC,15
indonesia,0.02608539534124441,BBC,15
akhir,0.02532030455645483,BBC,15
produk,0.024329594116043077,BBC,15
pemerintah,0.024300666390398618,BBC,15
bbc,0.02409712777806825,BBC,15
banyak,0.023635066571057083,BBC,15
impor,0.02320447771539651,BBC,15
whatsapp,0.02313565335692073,BBC,15
indonesia,0.03276344757985207,Bisnis Indonesia,27
tarif,0.03209193556559824,Bisnis Indonesia,27
trump,0.026333587894319343,Bisnis Indonesia,27
negara,0.0260319818974534,Bisnis Indonesia,27
tersebut,0.02395367921257504,Bisnis Indonesia,27
kebijakan,0.023593054793898418,Bisnis Indonesia,27
china,0.022202845922821467,Bisnis Indonesia,27
ekspor,0.02215426070897366,Bisnis Indonesia,27
perdagangan,0.02208527836636429,Bisnis Indonesia,27
ekonomi,0.021357704542664013,Bisnis Indonesia,27
tahun,0.019937629851198554,Bisnis Indonesia,27
pemerintah,0.019288248236272357,Bisnis Indonesia,27
impor,0.019269063496666548,Bisnis Indonesia,27
menjadi,0.01891095608900662,Bisnis Indonesia,27
pasar,0.018900567182841412,Bisnis Indonesia,27
produk,0.01852217844521408,Bisnis Indonesia,27
sebesar,0.01769938160121111,Bisnis Indonesia,27
pertumbuhan,0.017577032812767124,Bisnis Indonesia,27
industri,0.016870165119214898,Bisnis Indonesia,27
langkah,0.01637160459890125,Bisnis Indonesia,27
tarif,0.03296899791661046,Bloombergtechnoz,104
trump,0.027122739584926527,Bloombergtechnoz,104
negara,0.025042889695575752,Bloombergtechnoz,104
china,0.023765704110094134,Bloombergtechnoz,104
tersebut,0.021074095178104043,Bloombergtechnoz,104
amerika,0.020257809499966365,Bloombergtechnoz,104
perdagangan,0.020106442699861737,Bloombergtechnoz,104
impor,0.019582311482522475,Bloombergtechnoz,104
pasar,0.019034547326543867,Bloombergtechnoz,104
presiden,0.018239222631241763,Bloombergtechnoz,104
kebijakan,0.018236325732072293,Bloombergtechnoz,104
donald,0.018045839391461642,Bloombergtechnoz,104
donald trump,0.01788625380496873,Bloombergtechnoz,104
harga,0.01771949221838842,Bloombergtechnoz,104
tahun,0.01751294717186135,Bloombergtechnoz,104
menjadi,0.017453746115240098,Bloombergtechnoz,104
amerika serikat,0.017040318929194834,Bloombergtechnoz,104
serikat,0.017040318929194834,Bloombergtechnoz,104
barang,0.016539503907956422,Bloombergtechnoz,104
hari,0.016409708747287272,Bloombergtechnoz,104
tarif,0.04049102355564277,CNBC Indonesia,195
trump,0.03409832266754718,CNBC Indonesia,195
negara,0.027274779609726352,CNBC Indonesia,195
china,0.02671894245009324,CNBC Indonesia,195
indonesia,0.026631888102294134,CNBC Indonesia,195
perdagangan,0.025269816338226097,CNBC Indonesia,195
kebijakan,0.024993265606343663,CNBC Indonesia,195
amerika,0.024531359367306695,CNBC Indonesia,195
impor,0.02389860591793777,CNBC Indonesia,195
barang,0.02262001524106832,CNBC Indonesia,195
tersebut,0.021550801145289806,CNBC Indonesia,195
pasar,0.021366837596978026,CNBC Indonesia,195
presiden,0.021232408573921387,CNBC Indonesia,195
ekonomi,0.021082257192907287,CNBC Indonesia,195
serikat,0.021021270820276588,CNBC Indonesia,195
menjadi,0.0210059608627808,CNBC Indonesia,195
amerika serikat,0.020912645103692274,CNBC Indonesia,195
sebesar,0.019969876535805328,CNBC Indonesia,195
harga,0.01971913378129885,CNBC Indonesia,195
baru,0.01956093840418568,CNBC Indonesia,195
tarif,0.04192663543058816,CNN Indonesia,54
trump,0.034678440940918695,CNN Indonesia,54
negara,0.033209970781880316,CNN Indonesia,54
persen,0.031563818410669,CNN Indonesia,54
indonesia,0.031216228585388264,CNN Indonesia,54
china,0.029789140811623555,CNN Indonesia,54
barang,0.026483586656858484,CNN Indonesia,54
perdagangan,0.02480179999297844,CNN Indonesia,54
amerika,0.02463755493645929,CNN Indonesia,54
impor,0.024364198198911637,CNN Indonesia,54
produk,0.022711206710491993,CNN Indonesia,54
tersebut,0.021592985724666933,CNN Indonesia,54
kebijakan,0.020352052271595637,CNN Indonesia,54
menjadi,0.019626410795853193,CNN Indonesia,54
amerika serikat,0.019558579488456608,CNN Indonesia,54
presiden,0.0195188427704222,CNN Indonesia,54
serikat,0.01937246639797129,CNN Indonesia,54
dagang,0.01879785354406336,CNN Indonesia,54
tak,0.018010322659025364,CNN Indonesia,54
ekspor,0.017633182394708253,CNN Indonesia,54
tarif,0.04784923615411589,Cna,6
china,0.03860964894215203,Cna,6
tersebut,0.0384578323619626,Cna,6
ekonomi,0.037465837029118904,Cna,6
trump,0.03446324146351725,Cna,6
produk,0.032351160268046915,Cna,6
persen,0.0314840808347773,Cna,6
amerika,0.03131797991429055,Cna,6
negara,0.029908223678312945,Cna,6
hari,0.029679366532627937,Cna,6
mengatakan,0.029409915584065704,Cna,6
pabrik,0.029329598270876105,Cna,6
harga,0.028663405308816545,Cna,6
baru,0.02858071618282579,Cna,6
ekspor,0.02815346065836212,Cna,6
asean,0.027420328647760617,Cna,6
tahun,0.02728667434893943,Cna,6
indonesia,0.027250069050889003,Cna,6
iphone,0.02628793572377068,Cna,6
pasar,0.02628178229654796,Cna,6
tarif,0.04249602556410739,Detik,80
trump,0.03592222486697423,Detik,80
indonesia,0.03248369862940633,Detik,80
negara,0.032215563816795884,Detik,80
china,0.028381282547050794,Detik,80
barang,0.026775189572581917,Detik,80
kebijakan,0.025521029487912242,Detik,80
impor,0.025008765333508105,Detik,80
tersebut,0.024278225108826046,Detik,80
perdagangan,0.023723669023501412,Detik,80
amerika,0.02326424731856276,Detik,80
produk,0.022082256403827882,Detik,80
presiden,0.021972682555173484,Detik,80
pemerintah,0.021899482905807607,Detik,80
baru,0.020511489787481924,Detik,80
ekspor,0.01984925834242501,Detik,80
mengatakan,0.019774507779134778,Detik,80
amerika serikat,0.019498011533470166,Detik,80
serikat,0.01942030672013816,Detik,80
video,0.019337208823891738,Detik,80
tarif,0.0360529547267612,Dw,22
trump,0.0336249138922081,Dw,22
negara,0.03112023435405403,Dw,22
eropa,0.028484176666489287,Dw,22
perdagangan,0.027631725438962976,Dw,22
cina,0.02754491699784741,Dw,22
presiden,0.024978159195652196,Dw,22
tersebut,0.023676548499350063,Dw,22
ekonomi,0.023672377196870466,Dw,22
barang,0.023010831091844177,Dw,22
amerika,0.022974490507887538,Dw,22
dagang,0.022370880891464908,Dw,22
uni,0.021155524362249364,Dw,22
mengatakan,0.021034762669152766,Dw,22
menjadi,0.02073304460248565,Dw,22
tahun,0.020227047259450296,Dw,22
besar,0.020104504927835384,Dw,22
kesepakatan,0.020037030243662938,Dw,22
perusahaan,0.019874444354892076,Dw,22
uni eropa,0.019832196383017045,Dw,22
bitcoin,0.0675061024523968,Indodax,5
hari,0.05544442723938926,Indodax,5
berita,0.055411079736535876,Indodax,5
crypto,0.05538133250265611,Indodax,5
pasar,0.05479559886092153,Indodax,5
harga,0.05178838311262658,Indodax,5
kripto,0.051141007449509876,Indodax,5
btc,0.05108964016819753,Indodax,5
informasi,0.050381024242498657,Indodax,5
indodax,0.04321752737230604,Indodax,5
tarif,0.04269457860742246,Indodax,5
news,0.042333762676914063,Indodax,5
aset,0.042086442176047074,Indodax,5
trump,0.040569779150547464,Indodax,5
global,0.03847164368710146,Indodax,5
besar,0.037582053274940415,Indodax,5
investor,0.03581836273571913,Indodax,5
apa,0.03580655683189757,Indodax,5
crypto hari,0.034770640293359335,Indodax,5
kebijakan,0.03345960979995297,Indodax,5
tarif,0.04610346041859522,Infobanknews,9
persen,0.044866885298374626,Infobanknews,9
indonesia,0.043376573670666246,Infobanknews,9
ekonomi,0.04096726273963652,Infobanknews,9
negara,0.040240254045860305,Infobanknews,9
pertumbuhan,0.03760271203474001,Infobanknews,9
china,0.03494801231852818,Infobanknews,9
global,0.03411884442084126,Infobanknews,9
menjadi,0.03346875324148776,Infobanknews,9
perdagangan,0.03295312297755816,Infobanknews,9
impor,0.03205638441260045,Infobanknews,9
tersebut,0.031686263688682687,Infobanknews,9
pertumbuhan ekonomi,0.030510161410624077,Infobanknews,9
menjadi persen,0.030454059481238832,Infobanknews,9
sebesar,0.03012439217955727,Infobanknews,9
kebijakan,0.02988555964529011,Infobanknews,9
trump,0.02954721618775817,Infobanknews,9
inflasi,0.029509327650233758,Infobanknews,9
ekspor,0.028233312234216407,Infobanknews,9
sebesar persen,0.02719318351085849,Infobanknews,9
tarif,0.05097372968218384,Kabarbursa,5
trump,0.05006221795231182,Kabarbursa,5
persen,0.040755521521383696,Kabarbursa,5
fed,0.039587938639461334,Kabarbursa,5
the fed,0.039587938639461334,Kabarbursa,5
perusahaan,0.0390867553543306,Kabarbursa,5
kebijakan,0.037747178160865674,Kabarbursa,5
bunga,0.03648394505468918,Kabarbursa,5
pasar,0.036246782812200375,Kabarbursa,5
ekonomi,0.035597088926324606,Kabarbursa,5
suku bunga,0.035119390958835275,Kabarbursa,5
eropa,0.03456508477169273,Kabarbursa,5
the,0.03441846523087404,Kabarbursa,5
inflasi,0.033478633950317374,Kabarbursa,5
suku,0.03333200594384422,Kabarbursa,5
negara,0.03262167621902837,Kabarbursa,5
menjadi,0.03218007556008796,Kabarbursa,5
china,0.03195746447995089,Kabarbursa,5
benar,0.03114811444105158,Kabarbursa,5
jadi,0.03086446424072043,Kabarbursa,5
indonesia,0.059830798427621346,Katadata,5
trump,0.04454930875986569,Katadata,5
negara,0.040818630543179565,Katadata,5
cina,0.0385306304335736,Katadata,5
tarif,0.03497766116747236,Katadata,5
impor,0.0344550587519681,Katadata,5
global,0.03382574208298903,Katadata,5
kebijakan,0.033617941638006174,Katadata,5
perusahaan,0.03271327735401596,Katadata,5
berbagai,0.03265010287676612,Katadata,5
harga,0.03213132564366758,Katadata,5
listrik,0.030415018293210118,Katadata,5
plts atap,0.030415018293210118,Katadata,5
plts,0.030415018293210118,Katadata,5
atap,0.030415018293210118,Katadata,5
who,0.030158003663496392,Katadata,5
presiden,0.030139621695986822,Katadata,5
indorama,0.02980552970605141,Katadata,5
tahun,0.029622242444951444,Katadata,5
menarik,0.029504822941625704,Katadata,5
tarif,0.034314558312575724,Kompas,137
persen,0.028920406479498086,Kompas,137
indonesia,0.028831860999584187,Kompas,137
negara,0.028753754606795228,Kompas,137
trump,0.0278063660715049,Kompas,137
kebijakan,0.02372207354977869,Kompas,137
impor,0.023015074142980093,Kompas,137
perdagangan,0.022854764211599796,Kompas,137
china,0.022706912711392892,Kompas,137
produk,0.022241166249401985,Kompas,137
menjadi,0.021561610210633023,Kompas,137
tersebut,0.021020709916745352,Kompas,137
pasar,0.02078201449418765,Kompas,137
ekonomi,0.020599793008420974,Kompas,137
global,0.01943259002684379,Kompas,137
harga,0.01925284350293956,Kompas,137
pemerintah,0.019110401704123467,Kompas,137
ekspor,0.019073768284791688,Kompas,137
amerika,0.018969813312632415,Kompas,137
presiden,0.018696685161102667,Kompas,137
indonesia,0.07099536357833623,Kompas.tv,8
airlangga,0.0623555203012093,Kompas.tv,8
tarif,0.05480881744671858,Kompas.tv,8
pemerintah,0.05294600346053275,Kompas.tv,8
negosiasi,0.049933487611384254,Kompas.tv,8
trump,0.04937440564003644,Kompas.tv,8
amerika,0.04283354399662334,Kompas.tv,8
amerika serikat,0.041457690793983634,Kompas.tv,8
serikat,0.041457690793983634,Kompas.tv,8
negara,0.04142033388065101,Kompas.tv,8
menteri,0.04105710008795079,Kompas.tv,8
pemerintah indonesia,0.040908116741571694,Kompas.tv,8
melakukan,0.039047800791679466,Kompas.tv,8
perdagangan,0.038484178477142354,Kompas.tv,8
langkah,0.03555750054016287,Kompas.tv,8
update,0.034683106615739555,Kompas.tv,8
mulyani,0.03345450199776119,Kompas.tv,8
sri,0.03345450199776119,Kompas.tv,8
sri mulyani,0.03345450199776119,Kompas.tv,8
pendekatan,0.031924818470243005,Kompas.tv,8
tarif,0.03866432131231904,Kumparan,21
negara,0.031655774836671084,Kumparan,21
trump,0.03059563470052193,Kumparan,21
persen,0.028497277736638085,Kumparan,21
kebijakan,0.028239218025684337,Kumparan,21
indonesia,0.027174437488004036,Kumparan,21
impor,0.02538128247891573,Kumparan,21
perdagangan,0.024544258979738644,Kumparan,21
china,0.024244048103184396,Kumparan,21
pasar,0.023642324783001174,Kumparan,21
menjadi,0.022760608287608678,Kumparan,21
produk,0.022327697235307434,Kumparan,21
ekspor,0.02202334025982543,Kumparan,21
tersebut,0.021968245418935745,Kumparan,21
usd,0.02103605106908646,Kumparan,21
tarif impor,0.020667404060658215,Kumparan,21
tahun,0.020421249555573485,Kumparan,21
ekonomi,0.020279900804433943,Kumparan,21
global,0.019938984107582797,Kumparan,21
amerika,0.019069062110653956,Kumparan,21
trump,0.03804819316000265,Liputan6,12
tarif,0.03309666494414803,Liputan6,12
amerika,0.02893013411037822,Liputan6,12
advertisement,0.028210491369997027,Liputan6,12
perdagangan,0.02659180810820958,Liputan6,12
negara,0.02651984143454209,Liputan6,12
serikat,0.02495100271258784,Liputan6,12
menjadi,0.024502975664455157,Liputan6,12
indonesia,0.024443486203227973,Liputan6,12
amerika serikat,0.024376810988559906,Liputan6,12
pasar,0.02435120873742026,Liputan6,12
besar,0.023760213368563765,Liputan6,12
ekonomi,0.023541553575818733,Liputan6,12
impor,0.023381964728818816,Liputan6,12
mengatakan,0.023182682082226617,Liputan6,12
harga,0.022896626267266115,Liputan6,12
emas,0.022573277118428974,Liputan6,12
bunga,0.022503441077000873,Liputan6,12
usd,0.02239196726825881,Liputan6,12
kebijakan,0.022164168316265876,Liputan6,12
tarif,0.036281502110561636,Metrotvnews,60
trump,0.03099849700547819,Metrotvnews,60
persen,0.0291369588724826,Metrotvnews,60
indonesia,0.028316462390954648,Metrotvnews,60
negara,0.02731553083755434,Metrotvnews,60
perdagangan,0.02251188642480574,Metrotvnews,60
tiongkok,0.022261613963016576,Metrotvnews,60
kebijakan,0.022040304298375033,Metrotvnews,60
barang,0.02152411900266746,Metrotvnews,60
amerika,0.02129951533347611,Metrotvnews,60
april,0.020954360807115012,Metrotvnews,60
ekonomi,0.02088244089492298,Metrotvnews,60
presiden,0.020581683464942043,Metrotvnews,60
tersebut,0.020231269896234784,Metrotvnews,60
serikat,0.020163458763940968,Metrotvnews,60
impor,0.0197245950103566,Metrotvnews,60
amerika serikat,0.01961475789303253,Metrotvnews,60
donald,0.01824964064808002,Metrotvnews,60
baru,0.01778895923708853,Metrotvnews,60
dagang,0.017318380961429437,Metrotvnews,60
tarif,0.04467022424155562,Republika,6
trump,0.04289720264239517,Republika,6
tersebut,0.04249403781413026,Republika,6
perdagangan,0.03691345899761347,Republika,6
ekspor,0.03678356130661021,Republika,6
persen,0.03656403961130719,Republika,6
mengatakan,0.035638208186010274,Republika,6
china,0.03378132624926248,Republika,6
presiden,0.0333406015745786,Republika,6
negara,0.033118193014974255,Republika,6
barang,0.03188696571792525,Republika,6
impor,0.031279599914910264,Republika,6
produk,0.030434250687517952,Republika,6
hari,0.030099503219002652,Republika,6
masyarakat,0.02996291674986383,Republika,6
sehat,0.02935839676798436,Republika,6
informasi,0.028823297564984862,Republika,6
menjadi,0.028698898195199024,Republika,6
besar,0.027560948531320174,Republika,6
kanada,0.02727546793461052,Republika,6
trump,0.041279862620496426,SINDOnews,18
tarif,0.04096049539721122,SINDOnews,18
china,0.03646338720734468,SINDOnews,18
hari,0.029854856472456504,SINDOnews,18
amerika,0.027711670044184313,SINDOnews,18
presiden,0.02696496031677901,SINDOnews,18
barang,0.025808876831107296,SINDOnews,18
usd,0.025671342168070377,SINDOnews,18
negara,0.025555275535525536,SINDOnews,18
ekonomi,0.024245551822254095,SINDOnews,18
impor,0.023692315122620322,SINDOnews,18
mengatakan,0.023541757947948525,SINDOnews,18
amerika serikat,0.02261102150859186,SINDOnews,18
serikat,0.02261102150859186,SINDOnews,18
tahun,0.02233351184156758,SINDOnews,18
perdagangan,0.0222970941078546,SINDOnews,18
rupiah,0.02156148074484817,SINDOnews,18
eropa,0.021297387009506986,SINDOnews,18
terbaru,0.021278603730001223,SINDOnews,18
donald trump,0.021230974817589888,SINDOnews,18
tarif,0.05641394064574962,Suara,5
indonesia,0.05359846156613693,Suara,5
trump,0.05241029491063446,Suara,5
amerika,0.049781827025260766,Suara,5
perdagangan,0.04526543817015077,Suara,5
tiongkok,0.04433782078487264,Suara,5
baru,0.04163624341213772,Suara,5
serikat,0.04099585685777714,Suara,5
amerika serikat,0.03955458157181929,Suara,5
djauhari,0.03950844287977961,Suara,5
negara,0.0366244229868115,Suara,5
presiden,0.0366244229868115,Suara,5
ekonomi,0.035694621093540296,Suara,5
sangat,0.03562390500241441,Suara,5
hubungan,0.034215365127405216,Suara,5
menjadi,0.034070398937502806,Suara,5
global,0.03351462670144356,Suara,5
banyak,0.03274382750191196,Suara,5
mobil,0.032360829264085234,Suara,5
toyota,0.031701813695834295,Suara,5
tarif,0.040571060905678864,Tempo,58
indonesia,0.03428347564812977,Tempo,58
trump,0.03375035352196416,Tempo,58
negara,0.03326676823046991,Tempo,58
persen,0.032058998984871225,Tempo,58
amerika,0.02880728399438363,Tempo,58
impor,0.027620272803186047,Tempo,58
produk,0.02669606861471798,Tempo,58
cina,0.026402805517821475,Tempo,58
barang,0.025822466385542617,Tempo,58
perdagangan,0.025692219864307465,Tempo,58
kebijakan,0.02512193319460919,Tempo,58
tersebut,0.02407884806392592,Tempo,58
amerika serikat,0.023834270454551207,Tempo,58
serikat,0.023703782447762115,Tempo,58
ekonomi,0.02205739950419196,Tempo,58
presiden,0.021647875243716523,Tempo,58
april,0.02139939620991957,Tempo,58
sebesar,0.021107549251414406,Tempo,58
tarif impor,0.020787864335418977,Tempo,58
tarif,0.0452537139578192,VOA Indonesia,13
trump,0.04235589123021871,VOA Indonesia,13
amerika,0.03870720683554067,VOA Indonesia,13
china,0.035655286660294,VOA Indonesia,13
kanada,0.0353626211231559,VOA Indonesia,13
meksiko,0.0322570950917713,VOA Indonesia,13
mengatakan,0.032110749890335445,VOA Indonesia,13
amerika serikat,0.031224970798849443,VOA Indonesia,13
serikat,0.031224970798849443,VOA Indonesia,13
perdagangan,0.030519575766204086,VOA Indonesia,13
negara,0.029611780068582703,VOA Indonesia,13
hari,0.02916312365355441,VOA Indonesia,13
persen,0.02901456872538538,VOA Indonesia,13
barang,0.02828483589357371,VOA Indonesia,13
impor,0.028150242897976963,VOA Indonesia,13
produk,0.02781410247856895,VOA Indonesia,13
lihat,0.026221903757762136,VOA Indonesia,13
lihat komentar,0.025383476387352798,VOA Indonesia,13
komentar,0.025383476387352798,VOA Indonesia,13
besar,0.02536234151737262,VOA Indonesia,13
